{
  "accuracy": [
    0.20587962865829468,
    0.2433333396911621,
    0.2799537181854248,
    0.3184259235858917,
    0.3543981611728668,
    0.38523149490356445,
    0.42148149013519287,
    0.45124998688697815,
    0.4656018614768982,
    0.49361109733581543,
    0.5063889026641846,
    0.5198147892951965,
    0.5334722399711609,
    0.5517592430114746,
    0.566527783870697,
    0.5667129755020142,
    0.5815740823745728,
    0.5910184979438782,
    0.605555534362793,
    0.6066203713417053,
    0.6153703927993774,
    0.6171296238899231,
    0.6345833539962769,
    0.6388888955116272,
    0.6451851725578308,
    0.6515740752220154,
    0.6548610925674438,
    0.6625000238418579,
    0.6685647964477539,
    0.6743055582046509,
    0.680648148059845,
    0.6828240752220154,
    0.6820370554924011,
    0.6892592310905457,
    0.6928703784942627,
    0.6967592835426331,
    0.6986111402511597,
    0.7065740823745728,
    0.707453727722168,
    0.7127314805984497,
    0.7183796167373657,
    0.7204629778862,
    0.7270833253860474,
    0.7214351892471313,
    0.7286111116409302,
    0.7243055701255798,
    0.7315740585327148,
    0.7315740585327148,
    0.7393055558204651,
    0.7377314567565918,
    0.6994444727897644,
    0.7234722375869751,
    0.7275000214576721,
    0.7367592453956604,
    0.7394444346427917,
    0.740231454372406,
    0.745972216129303,
    0.7502777576446533,
    0.7506018280982971,
    0.7554629445075989,
    0.7545833587646484,
    0.7576388716697693,
    0.7591203451156616,
    0.7588425874710083,
    0.7616666555404663,
    0.7613425850868225,
    0.762592613697052,
    0.7644444704055786,
    0.762592613697052,
    0.7684259414672852,
    0.7665740847587585,
    0.7685185074806213,
    0.7705092430114746,
    0.7738425731658936,
    0.7701388597488403,
    0.7700926065444946,
    0.771574079990387,
    0.7719444632530212,
    0.7750462889671326,
    0.7714352011680603
  ],
  "val_accuracy": [
    0.19148148596286774,
    0.26907408237457275,
    0.3225925862789154,
    0.2912963032722473,
    0.300555557012558,
    0.46129629015922546,
    0.3766666650772095,
    0.46259260177612305,
    0.47870370745658875,
    0.5259259343147278,
    0.5414814949035645,
    0.5059259533882141,
    0.5520370602607727,
    0.5390740633010864,
    0.612407386302948,
    0.6000000238418579,
    0.5957407355308533,
    0.6151852011680603,
    0.6200000047683716,
    0.5951851606369019,
    0.6100000143051147,
    0.6594444513320923,
    0.6125925779342651,
    0.5312963128089905,
    0.6675925850868225,
    0.5490740537643433,
    0.6549999713897705,
    0.627407431602478,
    0.6538888812065125,
    0.6748148202896118,
    0.712592601776123,
    0.6564815044403076,
    0.6859259009361267,
    0.604629635810852,
    0.6731481552124023,
    0.6675925850868225,
    0.675000011920929,
    0.6990740895271301,
    0.7153703570365906,
    0.7331481575965881,
    0.7451851963996887,
    0.7529629468917847,
    0.7348148226737976,
    0.7411110997200012,
    0.7631481289863586,
    0.7357407212257385,
    0.7605555653572083,
    0.7148148417472839,
    0.7168518304824829,
    0.7200000286102295,
    0.7331481575965881,
    0.7448148131370544,
    0.7522222399711609,
    0.7579629421234131,
    0.7611111402511597,
    0.7611111402511597,
    0.7624074220657349,
    0.7685185074806213,
    0.764629602432251,
    0.7753703594207764,
    0.7761111259460449,
    0.7718518376350403,
    0.7746296525001526,
    0.7757407426834106,
    0.7768518328666687,
    0.7688888907432556,
    0.7687036991119385,
    0.7740740776062012,
    0.7803703546524048,
    0.7803703546524048,
    0.7822222113609314,
    0.7757407426834106,
    0.7835184931755066,
    0.7781481742858887,
    0.7838888764381409,
    0.7894444465637207,
    0.7801851630210876,
    0.7892592549324036,
    0.7829629778862,
    0.7829629778862
  ],
  "loss": [
    2.851863145828247,
    2.683650493621826,
    2.52447247505188,
    2.3999645709991455,
    2.2549550533294678,
    2.1417791843414307,
    2.019174575805664,
    1.918662667274475,
    1.863215446472168,
    1.7850589752197266,
    1.7219399213790894,
    1.6688226461410522,
    1.6175620555877686,
    1.5510376691818237,
    1.5077310800552368,
    1.4936693906784058,
    1.4516350030899048,
    1.4049606323242188,
    1.3774670362472534,
    1.3758375644683838,
    1.334946870803833,
    1.3099949359893799,
    1.2647637128829956,
    1.2471089363098145,
    1.234311819076538,
    1.2045965194702148,
    1.19159734249115,
    1.1748061180114746,
    1.1444990634918213,
    1.1348204612731934,
    1.0979094505310059,
    1.0949883460998535,
    1.0905965566635132,
    1.0654135942459106,
    1.0550003051757812,
    1.0300174951553345,
    1.0287609100341797,
    1.0143442153930664,
    0.9992938041687012,
    0.9923642873764038,
    0.9758382439613342,
    0.9553840160369873,
    0.9438619613647461,
    0.9507333040237427,
    0.9301124215126038,
    0.9258534908294678,
    0.9163326621055603,
    0.9069661498069763,
    0.8869231939315796,
    0.8898423314094543,
    1.0804917812347412,
    0.970503568649292,
    0.9444000720977783,
    0.9119660258293152,
    0.8906006813049316,
    0.8959711194038391,
    0.8715469241142273,
    0.8526857495307922,
    0.8530882596969604,
    0.8397973775863647,
    0.8320825099945068,
    0.8221580386161804,
    0.8228352665901184,
    0.8256559371948242,
    0.8001477718353271,
    0.8027303814888,
    0.8023204207420349,
    0.7992788553237915,
    0.7957389950752258,
    0.7842374444007874,
    0.7892531156539917,
    0.7725746631622314,
    0.7761894464492798,
    0.7688153982162476,
    0.7665375471115112,
    0.7696263790130615,
    0.7710079550743103,
    0.7663462162017822,
    0.7596245408058167,
    0.7628047466278076
  ],
  "val_loss": [
    3.008235216140747,
    2.6399776935577393,
    2.3453831672668457,
    2.5530426502227783,
    2.589740753173828,
    1.8907644748687744,
    2.5711069107055664,
    1.965254306793213,
    1.83431077003479,
    1.657950520515442,
    1.5871838331222534,
    1.7506401538848877,
    1.6424401998519897,
    1.6512501239776611,
    1.3029190301895142,
    1.425624966621399,
    1.4025511741638184,
    1.3248471021652222,
    1.3185714483261108,
    1.366405725479126,
    1.3489235639572144,
    1.1446551084518433,
    1.380095362663269,
    2.0331079959869385,
    1.179129719734192,
    1.7268927097320557,
    1.2214447259902954,
    1.3189526796340942,
    1.2047864198684692,
    1.153340458869934,
    1.0071154832839966,
    1.2200933694839478,
    1.1052004098892212,
    1.3909004926681519,
    1.1703722476959229,
    1.2136764526367188,
    1.167626142501831,
    1.0427119731903076,
    0.9896906614303589,
    0.8924949169158936,
    0.8708672523498535,
    0.8644044995307922,
    0.924303412437439,
    0.9122559428215027,
    0.8216590881347656,
    0.9133687615394592,
    0.8408854007720947,
    0.9889963865280151,
    0.9817330241203308,
    0.9881877303123474,
    0.905514121055603,
    0.8778289556503296,
    0.8441762328147888,
    0.8217514753341675,
    0.816251814365387,
    0.7796362042427063,
    0.8077713847160339,
    0.7851898670196533,
    0.7822466492652893,
    0.7736316323280334,
    0.7606024742126465,
    0.7699260115623474,
    0.7649749517440796,
    0.7534644603729248,
    0.7468169927597046,
    0.7692273259162903,
    0.7663247585296631,
    0.7532387971878052,
    0.7512655854225159,
    0.7360066771507263,
    0.7353178858757019,
    0.742636501789093,
    0.7275795340538025,
    0.7459626793861389,
    0.7281972765922546,
    0.7241590619087219,
    0.7312277555465698,
    0.7184261679649353,
    0.721371591091156,
    0.7348825931549072
  ]
}